tick_unix,tick_iso,node,presence_online,pubsub_received,pubsub_completed,pubsub_timed_out,pubsub_max_ms,membership_received,membership_completed,membership_timed_out,membership_max_ms,bulk_received,bulk_completed,bulk_timed_out,bulk_max_ms,recv_depth_latest,recv_depth_max,recv_capacity_latest
1777304789,2026-04-27T15:46:29Z,saorsa-2,6,965,965,0,108,1308,1308,0,1,65,65,0,0,0,20,10000
1777304789,2026-04-27T15:46:29Z,saorsa-3,6,737,737,0,84,1159,1159,0,4,48,48,0,2,0,22,10000
1777304789,2026-04-27T15:46:29Z,saorsa-6,6,808,808,0,98,1896,1895,1,5001,58,58,0,2,0,17,10000
1777304789,2026-04-27T15:46:29Z,saorsa-7,5,655,655,0,326,1343,1343,0,1,27,27,0,2,0,25,10000
1777304856,2026-04-27T15:47:36Z,saorsa-2,6,1265,1265,0,108,1621,1621,0,13,76,76,0,0,0,27,10000
1777304856,2026-04-27T15:47:36Z,saorsa-3,6,932,932,0,84,1474,1474,0,4,56,56,0,2,0,22,10000
1777304856,2026-04-27T15:47:36Z,saorsa-6,6,1073,1073,0,98,2366,2365,1,5001,68,68,0,2,0,17,10000
1777304856,2026-04-27T15:47:36Z,saorsa-7,5,907,907,0,326,1803,1803,0,1,35,35,0,2,0,25,10000
1777304927,2026-04-27T15:48:47Z,saorsa-2,6,1459,1459,0,108,1939,1939,0,13,87,87,0,3,0,27,10000
1777304927,2026-04-27T15:48:47Z,saorsa-3,6,1084,1084,0,150,1790,1790,0,4,65,65,0,2,0,35,10000
1777304927,2026-04-27T15:48:47Z,saorsa-6,6,1270,1270,0,98,2841,2840,1,5001,79,79,0,2,0,17,10000
1777304927,2026-04-27T15:48:47Z,saorsa-7,5,1147,1147,0,326,2263,2263,0,1,47,47,0,2,0,25,10000
1777304997,2026-04-27T15:49:57Z,saorsa-2,6,1847,1847,0,108,2260,2260,0,13,100,100,0,3,0,34,10000
1777304997,2026-04-27T15:49:57Z,saorsa-3,6,1307,1306,0,250,2109,2109,0,4,76,76,0,15,1,35,10000
1777304997,2026-04-27T15:49:57Z,saorsa-6,6,1613,1613,0,98,3325,3324,1,5001,93,93,0,2,0,36,10000
1777304997,2026-04-27T15:49:57Z,saorsa-7,5,1400,1400,0,326,2734,2734,0,1,55,55,0,2,0,25,10000
1777305069,2026-04-27T15:51:09Z,saorsa-2,6,2165,2165,0,108,2589,2589,0,13,111,111,0,3,0,34,10000
1777305069,2026-04-27T15:51:09Z,saorsa-3,6,1603,1603,0,250,2423,2423,0,4,84,84,0,15,0,35,10000
1777305069,2026-04-27T15:51:09Z,saorsa-6,6,1893,1893,0,122,3793,3792,1,5001,103,103,0,2,0,36,10000
1777305069,2026-04-27T15:51:09Z,saorsa-7,5,1764,1764,0,326,3194,3194,0,1,64,64,0,2,0,25,10000
1777305140,2026-04-27T15:52:20Z,saorsa-2,6,2429,2429,0,164,2908,2908,0,13,123,123,0,3,0,34,10000
1777305140,2026-04-27T15:52:20Z,saorsa-3,6,1793,1793,0,250,2739,2739,0,4,94,94,0,15,0,35,10000
1777305140,2026-04-27T15:52:20Z,saorsa-6,6,2188,2188,0,122,4270,4269,1,5001,117,117,0,2,0,51,10000
1777305140,2026-04-27T15:52:20Z,saorsa-7,5,1980,1980,0,326,3665,3665,0,1,75,75,0,2,0,25,10000
1777305211,2026-04-27T15:53:31Z,saorsa-2,6,2902,2902,0,355,3231,3231,0,13,136,136,0,3,0,34,10000
1777305211,2026-04-27T15:53:31Z,saorsa-3,6,2267,2267,0,250,3057,3057,0,4,104,104,0,15,0,35,10000
1777305211,2026-04-27T15:53:31Z,saorsa-6,6,2712,2712,0,153,4743,4742,1,5001,128,128,0,2,0,51,10000
1777305211,2026-04-27T15:53:31Z,saorsa-7,5,2400,2400,0,326,4122,4122,0,1,83,83,0,2,0,25,10000
1777305281,2026-04-27T15:54:41Z,saorsa-2,6,3352,3352,0,355,3550,3550,0,13,146,146,0,3,0,34,10000
1777305281,2026-04-27T15:54:41Z,saorsa-3,6,2649,2649,0,250,3373,3373,0,4,113,113,0,15,0,35,10000
1777305281,2026-04-27T15:54:41Z,saorsa-6,6,3274,3274,0,164,5212,5211,1,5001,138,138,0,2,0,51,10000
1777305281,2026-04-27T15:54:41Z,saorsa-7,5,2896,2896,0,326,4591,4591,0,1,93,93,0,2,0,27,10000
1777305352,2026-04-27T15:55:52Z,saorsa-2,6,3671,3671,0,355,3869,3869,0,13,158,158,0,3,0,34,10000
1777305352,2026-04-27T15:55:52Z,saorsa-3,6,2872,2872,0,250,3691,3691,0,4,123,123,0,15,0,35,10000
1777305352,2026-04-27T15:55:52Z,saorsa-6,6,3619,3619,0,164,5686,5685,1,5001,152,152,0,2,0,51,10000
1777305352,2026-04-27T15:55:52Z,saorsa-7,5,3170,3170,0,326,5054,5054,0,1,103,103,0,2,0,48,10000
1777305423,2026-04-27T15:57:03Z,saorsa-2,6,4436,4436,0,355,4189,4189,0,13,171,171,0,3,0,109,10000
1777305423,2026-04-27T15:57:03Z,saorsa-3,6,3384,3384,0,411,4011,4011,0,4,132,132,0,15,0,95,10000
1777305423,2026-04-27T15:57:03Z,saorsa-6,6,4154,4154,0,261,6175,6174,1,5001,163,163,0,2,0,51,10000
1777305423,2026-04-27T15:57:03Z,saorsa-7,5,3761,3761,0,326,5519,5519,0,1,111,111,0,2,0,48,10000
1777305493,2026-04-27T15:58:13Z,saorsa-2,6,5019,5019,0,355,4508,4508,0,13,181,181,0,3,0,109,10000
1777305493,2026-04-27T15:58:13Z,saorsa-3,6,3689,3689,0,411,4322,4322,0,4,141,141,0,15,0,95,10000
1777305493,2026-04-27T15:58:13Z,saorsa-6,6,4574,4574,0,261,6637,6636,1,5001,174,174,0,2,0,51,10000
1777305493,2026-04-27T15:58:13Z,saorsa-7,5,4166,4166,0,326,5980,5980,0,1,121,121,0,2,0,48,10000
1777305564,2026-04-27T15:59:24Z,saorsa-2,6,5346,5346,0,355,4829,4829,0,13,194,194,0,3,0,109,10000
1777305564,2026-04-27T15:59:24Z,saorsa-3,6,3881,3881,0,411,4637,4637,0,4,151,151,0,15,0,95,10000
1777305564,2026-04-27T15:59:24Z,saorsa-6,6,4844,4844,0,261,7102,7101,1,5001,187,187,0,2,0,51,10000
1777305564,2026-04-27T15:59:24Z,saorsa-7,5,4419,4419,0,326,6441,6441,0,1,131,131,0,2,0,48,10000
1777305634,2026-04-27T16:00:34Z,saorsa-2,6,5582,5582,0,355,5151,5151,0,13,206,206,0,3,0,109,10000
1777305634,2026-04-27T16:00:34Z,saorsa-3,6,4080,4079,0,411,4959,4959,0,5,160,160,0,15,0,95,10000
1777305634,2026-04-27T16:00:34Z,saorsa-6,6,5195,5195,0,261,7588,7587,1,5001,198,198,0,2,0,51,10000
1777305634,2026-04-27T16:00:34Z,saorsa-7,5,4717,4717,0,326,6912,6912,0,6,139,139,0,2,0,48,10000
1777305706,2026-04-27T16:01:46Z,saorsa-2,6,5913,5913,0,355,5475,5475,0,19,217,217,0,3,0,109,10000
1777305706,2026-04-27T16:01:46Z,saorsa-3,6,4353,4353,0,411,5270,5270,0,10,169,169,0,15,0,95,10000
1777305706,2026-04-27T16:01:46Z,saorsa-6,6,5477,5477,0,261,8057,8056,1,5001,209,209,0,2,0,51,10000
1777305706,2026-04-27T16:01:46Z,saorsa-7,5,5017,5017,0,326,7369,7369,0,6,151,151,0,2,0,48,10000
1777305776,2026-04-27T16:02:56Z,saorsa-2,6,6365,6365,0,355,5794,5794,0,19,230,230,0,3,0,109,10000
1777305776,2026-04-27T16:02:56Z,saorsa-3,6,4652,4652,0,411,5587,5587,0,10,179,179,0,15,0,95,10000
1777305776,2026-04-27T16:02:56Z,saorsa-6,6,5860,5860,0,261,8531,8530,1,5001,223,223,0,4,0,51,10000
1777305776,2026-04-27T16:02:56Z,saorsa-7,5,5274,5274,0,326,7832,7832,0,6,159,159,0,2,0,48,10000
1777305847,2026-04-27T16:04:07Z,saorsa-2,6,6678,6678,0,355,6113,6113,0,19,241,241,0,3,0,109,10000
1777305847,2026-04-27T16:04:07Z,saorsa-3,6,5034,5034,0,411,5908,5908,0,10,188,188,0,15,0,95,10000
1777305847,2026-04-27T16:04:07Z,saorsa-6,6,6317,6317,0,261,9010,9009,1,5001,233,233,0,4,0,51,10000
1777305847,2026-04-27T16:04:07Z,saorsa-7,5,5746,5746,0,326,8299,8299,0,6,167,167,0,3,0,71,10000
1777305918,2026-04-27T16:05:18Z,saorsa-2,6,7178,7178,0,403,6439,6439,0,19,252,252,0,3,0,109,10000
1777305918,2026-04-27T16:05:18Z,saorsa-3,6,5407,5407,0,411,6224,6224,0,10,197,197,0,15,0,95,10000
1777305918,2026-04-27T16:05:18Z,saorsa-6,6,6876,6876,0,261,9486,9485,1,5001,247,247,0,4,0,51,10000
1777305918,2026-04-27T16:05:18Z,saorsa-7,5,6141,6141,0,326,8764,8764,0,6,179,179,0,3,0,71,10000
1777305988,2026-04-27T16:06:28Z,saorsa-2,6,7416,7416,0,403,6758,6758,0,19,265,265,0,9,0,109,10000
1777305988,2026-04-27T16:06:28Z,saorsa-3,6,5671,5671,0,411,6536,6536,0,10,208,208,0,15,0,95,10000
1777305988,2026-04-27T16:06:28Z,saorsa-6,6,7244,7244,0,261,9953,9952,1,5001,258,258,0,4,0,51,10000
1777305988,2026-04-27T16:06:28Z,saorsa-7,5,6474,6473,0,326,9226,9226,0,6,187,187,0,3,0,71,10000
1777306059,2026-04-27T16:07:39Z,saorsa-2,6,7681,7681,0,453,7078,7078,0,19,276,276,0,9,0,109,10000
1777306059,2026-04-27T16:07:39Z,saorsa-3,6,6028,6028,0,500,6850,6850,0,10,216,216,0,15,0,95,10000
1777306059,2026-04-27T16:07:39Z,saorsa-6,6,7685,7685,0,261,10423,10422,1,5001,268,268,0,4,0,77,10000
1777306059,2026-04-27T16:07:39Z,saorsa-7,5,6725,6725,0,326,9692,9692,0,6,196,196,0,3,0,71,10000
1777306130,2026-04-27T16:08:50Z,saorsa-2,6,7926,7926,0,453,7403,7403,0,19,288,288,0,9,0,109,10000
1777306130,2026-04-27T16:08:50Z,saorsa-3,6,6242,6242,0,695,7174,7174,0,10,227,227,0,15,0,95,10000
1777306130,2026-04-27T16:08:50Z,saorsa-6,6,7986,7986,0,261,10904,10903,1,5001,282,282,0,4,0,77,10000
1777306130,2026-04-27T16:08:50Z,saorsa-7,5,7120,7120,0,326,10159,10159,0,6,207,207,0,3,0,71,10000
1777306201,2026-04-27T16:10:01Z,saorsa-2,6,8331,8331,0,453,7726,7726,0,19,301,301,0,9,0,109,10000
1777306201,2026-04-27T16:10:01Z,saorsa-3,6,6560,6560,0,695,7495,7495,0,10,236,236,0,15,0,133,10000
1777306201,2026-04-27T16:10:01Z,saorsa-6,6,8374,8374,0,261,11390,11389,1,5001,293,293,0,4,0,77,10000
1777306201,2026-04-27T16:10:01Z,saorsa-7,5,7491,7491,0,326,10628,10628,0,6,215,215,0,3,0,71,10000
1777306272,2026-04-27T16:11:12Z,saorsa-2,6,8580,8580,0,453,8049,8049,0,19,311,311,0,9,0,109,10000
1777306272,2026-04-27T16:11:12Z,saorsa-3,6,6778,6778,0,695,7806,7806,0,10,245,245,0,15,0,133,10000
1777306272,2026-04-27T16:11:12Z,saorsa-6,6,8657,8657,0,261,11860,11859,1,5001,304,304,0,4,0,77,10000
1777306272,2026-04-27T16:11:12Z,saorsa-7,5,7702,7702,0,326,11092,11092,0,6,225,225,0,3,0,71,10000
1777306343,2026-04-27T16:12:23Z,saorsa-2,6,8842,8842,0,453,8371,8371,0,19,324,324,0,9,0,109,10000
1777306343,2026-04-27T16:12:23Z,saorsa-3,6,6914,6914,0,695,8128,8128,0,10,255,255,0,15,0,133,10000
1777306343,2026-04-27T16:12:23Z,saorsa-6,6,8897,8897,0,261,12340,12339,1,5001,317,317,0,4,0,77,10000
1777306343,2026-04-27T16:12:23Z,saorsa-7,5,7900,7900,0,326,11555,11555,0,6,235,235,0,3,0,71,10000
1777306414,2026-04-27T16:13:34Z,saorsa-2,6,9029,9029,0,453,8693,8693,0,19,336,336,0,9,0,109,10000
1777306414,2026-04-27T16:13:34Z,saorsa-3,6,7128,7128,0,695,8447,8447,0,10,264,264,0,15,0,133,10000
1777306414,2026-04-27T16:13:34Z,saorsa-6,6,9124,9124,0,261,12817,12816,1,5001,328,328,0,4,0,77,10000
1777306414,2026-04-27T16:13:34Z,saorsa-7,5,8086,8086,0,326,12026,12026,0,6,243,243,0,3,0,71,10000
1777306486,2026-04-27T16:14:46Z,saorsa-2,6,9296,9296,0,453,9015,9015,0,19,347,347,0,9,0,109,10000
1777306486,2026-04-27T16:14:46Z,saorsa-3,6,7271,7271,0,695,8762,8762,0,10,273,273,0,15,0,133,10000
1777306486,2026-04-27T16:14:46Z,saorsa-6,6,9373,9373,0,261,13291,13290,1,5001,339,339,0,4,0,77,10000
1777306486,2026-04-27T16:14:46Z,saorsa-7,5,8352,8352,0,326,12488,12488,0,6,255,255,0,3,0,71,10000
1777306557,2026-04-27T16:15:57Z,saorsa-2,6,9672,9672,0,453,9341,9341,0,19,360,360,0,9,0,109,10000
1777306557,2026-04-27T16:15:57Z,saorsa-3,6,7544,7544,0,695,9080,9080,0,10,284,284,0,15,0,133,10000
1777306557,2026-04-27T16:15:57Z,saorsa-6,6,9849,9849,0,261,13770,13769,1,5001,353,353,0,4,0,77,10000
1777306557,2026-04-27T16:15:57Z,saorsa-7,5,8693,8693,0,326,12956,12956,0,6,263,263,0,3,0,71,10000
1777306628,2026-04-27T16:17:08Z,saorsa-2,6,10042,10042,0,453,9663,9663,0,19,371,371,0,9,0,109,10000
1777306628,2026-04-27T16:17:08Z,saorsa-3,6,7860,7860,0,695,9398,9398,0,10,292,292,0,15,0,133,10000
1777306628,2026-04-27T16:17:08Z,saorsa-6,6,10117,10117,0,261,14240,14239,1,5001,363,363,0,4,0,77,10000
1777306628,2026-04-27T16:17:08Z,saorsa-7,5,8955,8955,0,326,13419,13419,0,6,272,272,0,3,0,71,10000
1777306699,2026-04-27T16:18:19Z,saorsa-2,6,10317,10317,0,453,9986,9986,0,19,383,383,0,9,0,109,10000
1777306699,2026-04-27T16:18:19Z,saorsa-3,6,8044,8044,0,695,9715,9715,0,10,301,301,0,15,0,133,10000
1777306699,2026-04-27T16:18:19Z,saorsa-6,6,10508,10508,0,261,14714,14713,1,5001,377,377,0,4,0,77,10000
1777306699,2026-04-27T16:18:19Z,saorsa-7,5,9181,9181,0,326,13883,13883,0,6,283,283,0,3,0,71,10000
1777306769,2026-04-27T16:19:29Z,saorsa-2,6,10576,10576,0,453,10303,10303,0,19,395,395,0,9,0,109,10000
1777306769,2026-04-27T16:19:29Z,saorsa-3,6,8206,8206,0,695,10028,10028,0,10,312,312,0,15,0,133,10000
1777306769,2026-04-27T16:19:29Z,saorsa-6,6,10705,10705,0,261,15191,15190,1,5001,388,388,0,4,0,77,10000
1777306769,2026-04-27T16:19:29Z,saorsa-7,5,9314,9314,0,326,14344,14344,0,6,291,291,0,3,0,71,10000
1777306840,2026-04-27T16:20:40Z,saorsa-2,6,11075,11075,0,453,10628,10628,0,19,406,406,0,9,0,109,10000
1777306840,2026-04-27T16:20:40Z,saorsa-3,6,8496,8496,0,695,10344,10344,0,10,320,320,0,15,0,133,10000
1777306840,2026-04-27T16:20:40Z,saorsa-6,6,11132,11132,0,261,15667,15666,1,5001,398,398,0,4,0,77,10000
1777306840,2026-04-27T16:20:40Z,saorsa-7,5,9812,9812,0,326,14810,14810,0,11,301,301,0,3,0,71,10000
1777306911,2026-04-27T16:21:51Z,saorsa-2,6,11533,11533,0,453,10947,10947,0,19,418,418,0,9,0,109,10000
1777306911,2026-04-27T16:21:51Z,saorsa-3,6,8794,8794,0,695,10663,10663,0,10,331,331,0,15,0,133,10000
1777306911,2026-04-27T16:21:51Z,saorsa-6,6,11523,11523,0,261,16137,16136,1,5001,412,412,0,4,0,77,10000
1777306911,2026-04-27T16:21:51Z,saorsa-7,5,10140,10140,0,326,15268,15268,0,11,311,311,0,3,0,71,10000
1777306981,2026-04-27T16:23:01Z,saorsa-2,6,12159,12159,0,590,11266,11266,0,19,431,431,0,9,0,109,10000
1777306981,2026-04-27T16:23:01Z,saorsa-3,6,9054,9054,0,695,10976,10976,0,10,340,340,0,15,0,133,10000
1777306981,2026-04-27T16:23:01Z,saorsa-6,6,12146,12146,0,261,16608,16607,1,5001,423,423,0,4,0,77,10000
1777306981,2026-04-27T16:23:01Z,saorsa-7,5,10546,10546,0,326,15727,15727,0,11,319,319,0,3,0,71,10000
1777307051,2026-04-27T16:24:11Z,saorsa-2,6,12707,12707,0,590,11584,11584,0,19,441,441,0,9,0,109,10000
1777307051,2026-04-27T16:24:11Z,saorsa-3,6,9547,9547,0,695,11287,11287,0,10,348,348,0,15,0,133,10000
1777307051,2026-04-27T16:24:11Z,saorsa-6,6,12695,12695,0,261,17076,17075,1,5001,433,433,0,4,0,77,10000
1777307051,2026-04-27T16:24:11Z,saorsa-7,5,11172,11172,0,326,16188,16188,0,11,329,329,0,3,0,71,10000
1777307122,2026-04-27T16:25:22Z,saorsa-2,6,13191,13191,0,590,11900,11900,0,19,453,453,0,9,0,109,10000
1777307122,2026-04-27T16:25:22Z,saorsa-3,6,10006,10006,0,1108,11601,11601,0,10,359,359,0,15,0,177,10000
1777307122,2026-04-27T16:25:22Z,saorsa-6,6,13295,13295,0,261,17545,17544,1,5001,447,447,0,4,0,77,10000
1777307122,2026-04-27T16:25:22Z,saorsa-7,5,11452,11452,0,326,16646,16646,0,11,339,339,0,3,0,71,10000
1777307192,2026-04-27T16:26:32Z,saorsa-2,6,13944,13944,0,971,12222,12222,0,19,466,466,0,9,0,247,10000
1777307192,2026-04-27T16:26:32Z,saorsa-3,6,10404,10404,0,1108,11918,11918,0,10,368,368,0,15,0,177,10000
1777307192,2026-04-27T16:26:32Z,saorsa-6,6,14101,14101,0,261,18020,18019,1,5001,458,458,0,4,0,77,10000
1777307192,2026-04-27T16:26:32Z,saorsa-7,5,12217,12217,0,326,17104,17104,0,11,347,347,0,3,0,71,10000
1777307262,2026-04-27T16:27:42Z,saorsa-2,6,14603,14603,0,971,12539,12539,0,19,476,476,0,9,0,247,10000
1777307262,2026-04-27T16:27:42Z,saorsa-3,6,10949,10949,0,1108,12238,12238,0,10,377,377,0,15,0,177,10000
1777307262,2026-04-27T16:27:42Z,saorsa-6,6,14933,14933,0,293,18502,18501,1,5001,469,469,0,4,0,77,10000
1777307262,2026-04-27T16:27:42Z,saorsa-7,5,12735,12735,0,326,17577,17577,0,11,357,357,0,3,0,71,10000
1777307333,2026-04-27T16:28:53Z,saorsa-2,6,15505,15505,0,1246,12860,12860,0,19,488,488,0,9,0,247,10000
1777307333,2026-04-27T16:28:53Z,saorsa-3,6,11650,11650,0,1108,12563,12563,0,10,387,387,0,15,0,258,10000
1777307333,2026-04-27T16:28:53Z,saorsa-6,6,15737,15737,0,341,18986,18985,1,5001,482,482,0,4,0,77,10000
1777307333,2026-04-27T16:28:53Z,saorsa-7,5,13591,13591,0,326,18042,18042,0,11,367,367,0,3,0,74,10000
1777307403,2026-04-27T16:30:03Z,saorsa-2,6,15891,15891,0,1246,13182,13182,0,19,501,501,0,9,0,247,10000
1777307403,2026-04-27T16:30:03Z,saorsa-3,6,11953,11953,0,1108,12881,12881,0,16,396,396,0,15,0,258,10000
1777307403,2026-04-27T16:30:03Z,saorsa-6,6,16172,16172,0,643,19463,19462,1,5001,493,493,0,4,0,77,10000
1777307403,2026-04-27T16:30:03Z,saorsa-7,5,14550,14550,0,781,18512,18512,0,11,375,375,0,3,0,123,10000
1777307474,2026-04-27T16:31:14Z,saorsa-2,6,16884,16884,0,1349,13501,13501,0,19,511,511,0,9,0,247,10000
1777307474,2026-04-27T16:31:14Z,saorsa-3,6,12860,12860,0,1108,13196,13196,0,46,405,405,0,15,0,258,10000
1777307474,2026-04-27T16:31:14Z,saorsa-6,6,17001,17001,0,643,19942,19941,1,5001,504,504,0,4,0,77,10000
1777307474,2026-04-27T16:31:14Z,saorsa-7,5,15035,15035,0,781,18974,18974,0,11,385,385,0,3,0,123,10000
1777307545,2026-04-27T16:32:25Z,saorsa-2,6,17637,17637,0,1349,13821,13821,0,19,525,525,0,9,0,247,10000
1777307545,2026-04-27T16:32:25Z,saorsa-3,6,13557,13557,0,1108,13510,13510,0,46,415,415,0,15,0,258,10000
1777307545,2026-04-27T16:32:25Z,saorsa-6,6,17598,17598,0,643,20414,20413,1,5001,518,518,0,4,0,77,10000
1777307545,2026-04-27T16:32:25Z,saorsa-7,5,15625,15625,0,781,19435,19435,0,11,395,395,0,3,0,123,10000
1777307615,2026-04-27T16:33:35Z,saorsa-2,6,18258,18258,0,1532,14142,14142,0,19,536,536,0,9,0,247,10000
1777307615,2026-04-27T16:33:35Z,saorsa-3,6,14102,14102,0,1108,13831,13831,0,46,424,424,0,15,0,258,10000
1777307615,2026-04-27T16:33:35Z,saorsa-6,6,18254,18254,0,643,20889,20888,1,5001,528,528,0,4,0,77,10000
1777307615,2026-04-27T16:33:35Z,saorsa-7,5,16045,16045,0,781,19901,19901,0,11,403,403,0,3,0,123,10000
1777307686,2026-04-27T16:34:46Z,saorsa-2,6,19046,19046,0,1532,14461,14461,0,19,547,547,0,9,0,247,10000
1777307686,2026-04-27T16:34:46Z,saorsa-3,6,14720,14720,0,1108,14140,14140,0,46,433,433,0,15,0,258,10000
1777307686,2026-04-27T16:34:46Z,saorsa-6,6,19077,19077,0,643,21360,21359,1,5001,539,539,0,4,0,77,10000
1777307686,2026-04-27T16:34:46Z,saorsa-7,5,16930,16930,0,781,20356,20356,0,11,413,413,0,3,0,123,10000
1777307756,2026-04-27T16:35:56Z,saorsa-2,6,19490,19490,0,1532,14779,14779,0,19,560,560,0,9,0,247,10000
1777307756,2026-04-27T16:35:56Z,saorsa-3,6,15175,15175,0,1108,14457,14457,0,46,443,443,0,15,0,258,10000
1777307756,2026-04-27T16:35:56Z,saorsa-6,6,19511,19511,0,643,21836,21835,1,5001,553,553,0,4,0,77,10000
1777307756,2026-04-27T16:35:56Z,saorsa-7,5,17491,17491,0,781,20822,20822,0,11,423,423,0,3,0,123,10000
1777307827,2026-04-27T16:37:07Z,saorsa-2,6,20167,20167,0,1532,15104,15104,0,19,571,571,0,9,0,247,10000
1777307827,2026-04-27T16:37:07Z,saorsa-3,6,15880,15880,0,1108,14774,14774,0,46,452,452,0,15,0,258,10000
1777307827,2026-04-27T16:37:07Z,saorsa-6,6,20307,20307,0,643,22310,22309,1,5001,563,563,0,4,0,77,10000
1777307827,2026-04-27T16:37:07Z,saorsa-7,5,17847,17847,0,781,21288,21288,0,11,431,431,0,3,0,123,10000
1777307898,2026-04-27T16:38:18Z,saorsa-2,6,20658,20658,0,1532,15426,15426,0,19,582,582,0,11,0,247,10000
1777307898,2026-04-27T16:38:18Z,saorsa-3,6,16400,16400,0,1108,15091,15091,0,46,461,461,0,15,0,258,10000
1777307898,2026-04-27T16:38:18Z,saorsa-6,6,20879,20879,0,643,22788,22787,1,5001,577,577,0,4,0,77,10000
1777307898,2026-04-27T16:38:18Z,saorsa-7,5,18448,18448,0,781,21756,21756,0,11,443,443,0,3,0,123,10000
1777307969,2026-04-27T16:39:29Z,saorsa-2,6,21175,21175,0,1532,15747,15747,0,19,595,595,0,11,0,247,10000
1777307969,2026-04-27T16:39:29Z,saorsa-3,6,16676,16676,0,1108,15402,15402,0,46,472,472,0,15,0,258,10000
1777307969,2026-04-27T16:39:29Z,saorsa-6,6,21404,21404,0,643,23257,23256,1,5001,588,588,0,4,0,77,10000
1777307969,2026-04-27T16:39:29Z,saorsa-7,5,18813,18813,0,781,22212,22212,0,11,451,451,0,3,0,123,10000
1777308039,2026-04-27T16:40:39Z,saorsa-2,6,21807,21807,0,1532,16064,16064,0,19,606,606,0,11,0,247,10000
1777308039,2026-04-27T16:40:39Z,saorsa-3,6,17119,17119,0,1108,15717,15717,0,46,480,480,0,15,0,258,10000
1777308039,2026-04-27T16:40:39Z,saorsa-6,6,21987,21987,0,643,23725,23724,1,5001,598,598,0,5,0,77,10000
1777308039,2026-04-27T16:40:39Z,saorsa-7,5,19192,19192,0,781,22672,22672,0,11,460,460,0,3,0,123,10000
1777308108,2026-04-27T16:41:48Z,saorsa-2,6,22607,22607,0,1532,16385,16385,0,19,618,618,0,11,0,247,10000
1777308108,2026-04-27T16:41:48Z,saorsa-3,6,17664,17664,0,1108,16030,16030,0,46,489,489,0,15,0,258,10000
1777308108,2026-04-27T16:41:48Z,saorsa-6,6,22816,22816,0,643,24196,24195,1,5001,612,612,0,5,0,77,10000
1777308108,2026-04-27T16:41:48Z,saorsa-7,5,19985,19985,0,781,23148,23148,0,11,471,471,0,3,0,123,10000
1777308179,2026-04-27T16:42:59Z,saorsa-2,6,23331,23331,0,1532,16705,16705,0,19,630,630,0,11,0,247,10000
1777308179,2026-04-27T16:42:59Z,saorsa-3,6,18334,18334,0,1108,16345,16345,0,46,500,500,0,15,0,265,10000
1777308179,2026-04-27T16:42:59Z,saorsa-6,6,23274,23274,0,643,24673,24672,1,5001,622,622,0,5,0,77,10000
1777308179,2026-04-27T16:42:59Z,saorsa-7,5,20679,20679,0,781,23610,23610,0,11,479,479,0,3,0,123,10000
1777308250,2026-04-27T16:44:10Z,saorsa-2,6,24224,24224,0,1532,17028,17028,0,19,641,641,0,11,0,247,10000
1777308250,2026-04-27T16:44:10Z,saorsa-3,6,19151,19151,0,1108,16659,16659,0,46,508,508,0,15,0,265,10000
1777308250,2026-04-27T16:44:10Z,saorsa-6,6,24020,24020,0,643,25142,25141,1,5001,631,631,0,5,0,77,10000
1777308250,2026-04-27T16:44:10Z,saorsa-7,5,21525,21525,0,781,24067,24067,0,11,488,488,0,3,0,123,10000
1777308320,2026-04-27T16:45:20Z,saorsa-2,6,24783,24783,0,1532,17345,17345,0,19,653,653,0,11,0,247,10000
1777308320,2026-04-27T16:45:20Z,saorsa-3,6,19334,19334,0,1108,16977,16977,0,46,519,519,0,15,0,265,10000
1777308320,2026-04-27T16:45:20Z,saorsa-6,6,24622,24622,0,643,25615,25614,1,5001,644,644,0,5,0,77,10000
1777308320,2026-04-27T16:45:20Z,saorsa-7,5,21832,21832,0,781,24532,24532,0,11,499,499,0,3,0,123,10000
1777308391,2026-04-27T16:46:31Z,saorsa-2,6,25022,25022,0,1532,17664,17664,0,19,665,665,0,11,0,247,10000
1777308391,2026-04-27T16:46:31Z,saorsa-3,6,19500,19500,0,1108,17290,17290,0,46,528,528,0,15,0,265,10000
1777308391,2026-04-27T16:46:31Z,saorsa-6,6,24804,24804,0,643,26086,26085,1,5001,656,656,0,5,0,77,10000
1777308391,2026-04-27T16:46:31Z,saorsa-7,5,22049,22049,0,781,24990,24990,0,11,507,507,0,3,0,123,10000
1777308461,2026-04-27T16:47:41Z,saorsa-2,6,25426,25426,0,1532,17986,17986,0,19,676,676,0,11,0,247,10000
1777308461,2026-04-27T16:47:41Z,saorsa-3,6,19836,19836,0,1108,17602,17602,0,46,536,536,0,15,0,265,10000
1777308461,2026-04-27T16:47:41Z,saorsa-6,6,25215,25215,0,643,26556,26555,1,5001,666,666,0,5,0,77,10000
1777308461,2026-04-27T16:47:41Z,saorsa-7,5,22378,22378,0,781,25448,25448,0,11,517,517,0,3,0,123,10000
1777308531,2026-04-27T16:48:51Z,saorsa-2,6,25879,25879,0,1532,18303,18303,0,19,688,688,0,11,0,247,10000
1777308531,2026-04-27T16:48:51Z,saorsa-3,6,20104,20104,0,1108,17917,17917,0,46,547,547,0,15,0,265,10000
1777308531,2026-04-27T16:48:51Z,saorsa-6,6,25681,25681,0,643,27027,27026,1,5001,680,680,0,5,0,77,10000
1777308531,2026-04-27T16:48:51Z,saorsa-7,5,22778,22778,0,781,25906,25906,0,11,527,527,0,3,0,123,10000
1777308601,2026-04-27T16:50:01Z,saorsa-2,6,26748,26748,0,1532,18624,18624,0,19,701,701,0,11,0,247,10000
1777308601,2026-04-27T16:50:01Z,saorsa-3,6,20659,20659,0,1108,18236,18236,0,46,556,556,0,15,0,265,10000
1777308601,2026-04-27T16:50:01Z,saorsa-6,6,26422,26422,0,643,27503,27502,1,5001,691,691,0,5,0,77,10000
1777308601,2026-04-27T16:50:01Z,saorsa-7,5,23659,23659,0,781,26378,26378,0,11,535,535,0,3,0,123,10000
1777308672,2026-04-27T16:51:12Z,saorsa-2,6,27364,27364,0,1532,18946,18946,0,19,711,711,0,11,0,247,10000
1777308672,2026-04-27T16:51:12Z,saorsa-3,6,21129,21129,0,1108,18551,18551,0,46,565,565,0,15,0,265,10000
1777308672,2026-04-27T16:51:12Z,saorsa-6,6,26961,26961,0,643,27979,27978,1,5001,702,702,0,5,0,77,10000
1777308672,2026-04-27T16:51:12Z,saorsa-7,5,24100,24100,0,781,26841,26841,0,11,545,545,0,3,0,123,10000
1777308743,2026-04-27T16:52:23Z,saorsa-2,6,27669,27669,0,1532,19266,19266,0,19,724,724,0,11,0,247,10000
1777308743,2026-04-27T16:52:23Z,saorsa-3,6,21354,21354,0,1108,18869,18869,0,46,575,575,0,15,0,265,10000
1777308743,2026-04-27T16:52:23Z,saorsa-6,6,27475,27475,0,643,28450,28449,1,5001,715,715,0,5,0,77,10000
1777308743,2026-04-27T16:52:23Z,saorsa-7,5,24421,24421,0,781,27300,27300,0,11,555,555,0,3,0,123,10000
1777308813,2026-04-27T16:53:33Z,saorsa-2,6,27778,27775,2,10001,19334,19328,6,5001,728,728,0,11,162,247,10000
1777308813,2026-04-27T16:53:33Z,saorsa-3,6,21531,21531,0,1108,19184,19184,0,46,584,584,0,15,0,265,10000
1777308813,2026-04-27T16:53:33Z,saorsa-6,6,27752,27752,0,643,28780,28779,1,5001,726,726,0,5,0,77,10000
1777308813,2026-04-27T16:53:33Z,saorsa-7,5,24818,24818,0,781,27620,27620,0,11,563,563,0,3,0,123,10000
1777308883,2026-04-27T16:54:43Z,saorsa-2,4,27799,27789,9,10001,19336,19329,7,5001,730,730,0,11,518,520,10000
1777308883,2026-04-27T16:54:43Z,saorsa-3,6,21838,21838,0,1108,19483,19483,0,46,593,593,0,15,0,265,10000
1777308883,2026-04-27T16:54:43Z,saorsa-6,6,27983,27983,0,643,29085,29084,1,5001,737,737,0,5,0,77,10000
1777308883,2026-04-27T16:54:43Z,saorsa-7,5,25082,25082,0,781,27917,27917,0,11,573,573,0,3,0,123,10000
1777308953,2026-04-27T16:55:53Z,saorsa-2,4,27819,27803,15,10006,19342,19334,8,5001,731,731,0,11,729,729,10000
1777308953,2026-04-27T16:55:53Z,saorsa-3,6,22069,22069,0,1108,19789,19789,0,46,603,603,0,15,0,265,10000
1777308953,2026-04-27T16:55:53Z,saorsa-6,6,28136,28136,0,643,29393,29392,1,5001,750,750,0,5,0,77,10000
1777308953,2026-04-27T16:55:53Z,saorsa-7,5,25248,25248,0,781,28218,28218,0,11,583,583,0,3,0,123,10000
1777309023,2026-04-27T16:57:03Z,saorsa-2,4,27826,27803,22,10006,19342,19334,8,5001,731,731,0,11,1056,1056,10000
1777309023,2026-04-27T16:57:03Z,saorsa-3,6,22353,22353,0,1108,20093,20093,0,46,612,612,0,15,0,265,10000
1777309023,2026-04-27T16:57:03Z,saorsa-6,6,28506,28506,0,643,29699,29698,1,5001,761,761,0,5,0,77,10000
1777309023,2026-04-27T16:57:03Z,saorsa-7,5,25460,25460,0,781,28519,28519,0,11,591,591,0,3,0,123,10000
1777309093,2026-04-27T16:58:13Z,saorsa-2,4,27833,27803,29,10006,19342,19334,8,5001,731,731,0,11,1310,1310,10000
1777309093,2026-04-27T16:58:13Z,saorsa-3,6,22479,22479,0,1108,20399,20399,0,46,621,621,0,15,0,265,10000
1777309093,2026-04-27T16:58:13Z,saorsa-6,6,28599,28599,0,643,30008,30007,1,5001,772,772,0,5,0,77,10000
1777309093,2026-04-27T16:58:13Z,saorsa-7,5,25680,25680,0,781,28817,28817,0,11,601,601,0,3,0,123,10000
1777309163,2026-04-27T16:59:23Z,saorsa-2,4,27840,27803,36,10006,19342,19334,8,5001,731,731,0,11,1434,1434,10000
1777309163,2026-04-27T16:59:23Z,saorsa-3,6,22599,22599,0,1108,20704,20704,0,46,631,631,0,15,0,265,10000
1777309163,2026-04-27T16:59:23Z,saorsa-6,6,28752,28752,0,643,30313,30312,1,5001,785,785,0,5,0,77,10000
1777309163,2026-04-27T16:59:23Z,saorsa-7,5,25744,25744,0,781,29120,29120,0,11,611,611,0,3,0,123,10000
1777309234,2026-04-27T17:00:34Z,saorsa-2,4,27848,27803,44,10006,19342,19334,8,5001,731,731,0,11,1936,1936,10000
1777309234,2026-04-27T17:00:34Z,saorsa-3,7,22901,22901,0,1108,21089,21089,0,46,640,640,0,15,0,265,10000
1777309234,2026-04-27T17:00:34Z,saorsa-6,7,28978,28978,0,643,30629,30628,1,5001,796,796,0,5,0,77,10000
1777309234,2026-04-27T17:00:34Z,saorsa-7,6,26068,26068,0,781,29496,29496,0,11,619,619,0,3,0,123,10000
1777309305,2026-04-27T17:01:45Z,saorsa-2,4,27855,27803,51,10006,19342,19334,8,5001,731,731,0,11,2337,2337,10000
1777309305,2026-04-27T17:01:45Z,saorsa-3,7,23154,23154,0,1108,21549,21549,0,46,649,649,0,15,0,265,10000
1777309305,2026-04-27T17:01:45Z,saorsa-6,7,29204,29204,0,643,30937,30936,1,5001,807,807,0,5,0,77,10000
1777309305,2026-04-27T17:01:45Z,saorsa-7,6,26299,26299,0,781,29956,29956,0,11,631,631,0,3,0,123,10000
1777309376,2026-04-27T17:02:56Z,saorsa-2,4,27883,27826,56,10006,19354,19343,11,5001,732,732,0,11,2632,2644,10000
1777309376,2026-04-27T17:02:56Z,saorsa-3,7,23353,23353,0,1108,22015,22015,0,46,660,660,0,15,0,265,10000
1777309376,2026-04-27T17:02:56Z,saorsa-6,7,29403,29403,0,643,31253,31252,1,5001,820,820,0,5,0,77,10000
1777309376,2026-04-27T17:02:56Z,saorsa-7,6,26426,26426,0,781,30419,30419,0,11,639,639,0,3,0,123,10000
1777309447,2026-04-27T17:04:07Z,saorsa-2,4,27905,27843,61,10006,19365,19350,15,5001,734,734,0,11,2882,2885,10000
1777309447,2026-04-27T17:04:07Z,saorsa-3,7,23617,23617,0,1108,22477,22477,0,46,668,668,0,15,0,265,10000
1777309447,2026-04-27T17:04:07Z,saorsa-6,7,29577,29577,0,643,31565,31564,1,5001,831,831,0,5,0,77,10000
1777309447,2026-04-27T17:04:07Z,saorsa-7,6,26620,26620,0,781,30876,30876,0,11,647,647,0,3,0,123,10000
1777309517,2026-04-27T17:05:17Z,saorsa-2,4,27923,27855,67,10006,19374,19357,17,5001,736,736,0,11,3068,3071,10000
1777309517,2026-04-27T17:05:17Z,saorsa-3,7,23774,23774,0,1108,22826,22826,0,46,677,677,0,15,0,265,10000
1777309517,2026-04-27T17:05:17Z,saorsa-6,7,29759,29759,0,643,31848,31845,3,5001,844,844,0,5,0,77,10000
1777309517,2026-04-27T17:05:17Z,saorsa-7,6,26695,26695,0,781,31216,31216,0,11,659,659,0,3,0,123,10000
1777309588,2026-04-27T17:06:28Z,saorsa-2,4,27941,27866,74,10006,19376,19359,17,5001,736,736,0,11,3413,3413,10000
1777309588,2026-04-27T17:06:28Z,saorsa-3,7,24028,24028,0,1108,23132,23132,0,46,688,688,0,15,0,265,10000
1777309588,2026-04-27T17:06:28Z,saorsa-6,7,29996,29996,0,2911,32153,32150,3,5001,855,855,0,5,0,77,10000
1777309588,2026-04-27T17:06:28Z,saorsa-7,6,26952,26952,0,781,31516,31516,0,11,667,667,0,3,0,123,10000
1777309658,2026-04-27T17:07:38Z,saorsa-2,4,27967,27885,81,10006,19376,19359,17,5001,736,736,0,11,3556,3569,10000
1777309658,2026-04-27T17:07:38Z,saorsa-3,7,24185,24185,0,1108,23436,23436,0,46,696,696,0,15,0,265,10000
1777309658,2026-04-27T17:07:38Z,saorsa-6,7,30118,30118,0,2911,32457,32454,3,5001,865,865,0,5,0,77,10000
1777309658,2026-04-27T17:07:38Z,saorsa-7,6,27036,27036,0,781,31813,31813,0,11,676,676,0,3,0,123,10000
1777309728,2026-04-27T17:08:48Z,saorsa-2,4,27976,27887,88,10006,19376,19359,17,5001,736,736,0,11,3895,3896,10000
1777309728,2026-04-27T17:08:48Z,saorsa-3,7,24457,24457,0,1108,23735,23735,0,46,705,705,0,15,0,265,10000
1777309728,2026-04-27T17:08:48Z,saorsa-6,7,30334,30334,0,2911,32762,32759,3,5001,879,879,0,5,0,77,10000
1777309728,2026-04-27T17:08:48Z,saorsa-7,6,27234,27234,0,781,32112,32112,0,11,687,687,0,3,0,123,10000
1777309798,2026-04-27T17:09:58Z,saorsa-2,4,27992,27896,95,10006,19376,19359,17,5001,736,736,0,11,4278,4283,10000
1777309798,2026-04-27T17:09:58Z,saorsa-3,7,24695,24695,0,1108,24046,24046,0,46,716,716,0,15,0,265,10000
1777309798,2026-04-27T17:09:58Z,saorsa-6,7,30762,30762,0,2911,33076,33073,3,5001,890,890,0,5,0,77,10000
1777309798,2026-04-27T17:09:58Z,saorsa-7,6,27562,27562,0,781,32419,32419,0,11,695,695,0,3,0,123,10000
1777309870,2026-04-27T17:11:10Z,saorsa-2,4,28037,27934,103,10006,19378,19360,17,5001,738,738,0,11,4586,4594,10000
1777309870,2026-04-27T17:11:10Z,saorsa-3,7,25006,25006,0,1108,24241,24241,0,46,724,724,0,15,0,265,10000
1777309870,2026-04-27T17:11:10Z,saorsa-6,7,31069,31069,0,2911,33270,33267,3,5001,900,900,0,5,0,77,10000
1777309870,2026-04-27T17:11:10Z,saorsa-7,6,27631,27624,6,10001,32464,32464,0,11,699,699,0,3,283,283,10000
1777309940,2026-04-27T17:12:20Z,saorsa-2,4,28056,27946,109,10006,19379,19361,18,5001,740,740,0,11,4708,4711,10000
1777309940,2026-04-27T17:12:20Z,saorsa-3,7,25052,25047,4,10002,24314,24314,0,46,732,732,0,15,25,265,10000
1777309940,2026-04-27T17:12:20Z,saorsa-6,7,31102,31102,0,2911,33345,33342,3,5001,914,914,0,5,0,77,10000
1777309940,2026-04-27T17:12:20Z,saorsa-7,5,27656,27642,13,10003,32473,32473,0,11,699,699,0,3,346,356,10000
1777310010,2026-04-27T17:13:30Z,saorsa-2,4,28089,27972,116,10006,19388,19369,19,5002,742,742,0,11,4719,4722,10000
1777310010,2026-04-27T17:13:30Z,saorsa-3,5,25069,25057,11,10003,24318,24318,0,46,733,733,0,15,39,265,10000
1777310010,2026-04-27T17:13:30Z,saorsa-6,7,31114,31108,5,10001,33350,33347,3,5001,919,919,0,5,19,77,10000
1777310010,2026-04-27T17:13:30Z,saorsa-7,5,27669,27648,20,10003,32473,32473,0,11,699,699,0,3,365,369,10000
1777310080,2026-04-27T17:14:40Z,saorsa-2,4,28117,27994,122,10006,19393,19373,20,5002,746,746,0,11,4710,4729,10000
1777310080,2026-04-27T17:14:40Z,saorsa-3,5,25079,25060,18,10003,24320,24320,0,46,736,736,0,15,44,265,10000
1777310080,2026-04-27T17:14:40Z,saorsa-6,5,31124,31110,13,10001,33352,33349,3,5001,924,924,0,5,52,77,10000
1777310080,2026-04-27T17:14:40Z,saorsa-7,5,27678,27650,27,10003,32473,32473,0,11,699,699,0,3,391,391,10000
1777310150,2026-04-27T17:15:50Z,saorsa-2,4,28199,28069,129,10006,19394,19374,20,5002,746,746,0,11,4662,4729,10000
1777310150,2026-04-27T17:15:50Z,saorsa-3,5,25088,25061,26,10003,24324,24324,0,46,740,740,0,15,52,265,10000
1777310150,2026-04-27T17:15:50Z,saorsa-6,5,31133,31112,20,10001,33355,33352,3,5001,930,930,0,5,99,101,10000
1777310150,2026-04-27T17:15:50Z,saorsa-7,5,27685,27650,34,10003,32473,32473,0,11,699,699,0,3,425,425,10000
